--
-- PostgreSQL database dump
--

-- Dumped from database version 15.4 (Debian 15.4-1.pgdg110+1)
-- Dumped by pg_dump version 17.3

SET statement_timeout = 0;
SET lock_timeout = 0;
SET idle_in_transaction_session_timeout = 0;
SET transaction_timeout = 0;
SET client_encoding = 'UTF8';
SET standard_conforming_strings = on;
SELECT pg_catalog.set_config('search_path', '', false);
SET check_function_bodies = false;
SET xmloption = content;
SET client_min_messages = warning;
SET row_security = off;

--
-- Name: tiger; Type: SCHEMA; Schema: -; Owner: admin1
--

CREATE SCHEMA tiger;


ALTER SCHEMA tiger OWNER TO admin1;

--
-- Name: tiger_data; Type: SCHEMA; Schema: -; Owner: admin1
--

CREATE SCHEMA tiger_data;


ALTER SCHEMA tiger_data OWNER TO admin1;

--
-- Name: topology; Type: SCHEMA; Schema: -; Owner: admin1
--

CREATE SCHEMA topology;


ALTER SCHEMA topology OWNER TO admin1;

--
-- Name: SCHEMA topology; Type: COMMENT; Schema: -; Owner: admin1
--

COMMENT ON SCHEMA topology IS 'PostGIS Topology schema';


--
-- Name: fuzzystrmatch; Type: EXTENSION; Schema: -; Owner: -
--

CREATE EXTENSION IF NOT EXISTS fuzzystrmatch WITH SCHEMA public;


--
-- Name: EXTENSION fuzzystrmatch; Type: COMMENT; Schema: -; Owner: 
--

COMMENT ON EXTENSION fuzzystrmatch IS 'determine similarities and distance between strings';


--
-- Name: postgis; Type: EXTENSION; Schema: -; Owner: -
--

CREATE EXTENSION IF NOT EXISTS postgis WITH SCHEMA public;


--
-- Name: EXTENSION postgis; Type: COMMENT; Schema: -; Owner: 
--

COMMENT ON EXTENSION postgis IS 'PostGIS geometry and geography spatial types and functions';


--
-- Name: postgis_tiger_geocoder; Type: EXTENSION; Schema: -; Owner: -
--

CREATE EXTENSION IF NOT EXISTS postgis_tiger_geocoder WITH SCHEMA tiger;


--
-- Name: EXTENSION postgis_tiger_geocoder; Type: COMMENT; Schema: -; Owner: 
--

COMMENT ON EXTENSION postgis_tiger_geocoder IS 'PostGIS tiger geocoder and reverse geocoder';


--
-- Name: postgis_topology; Type: EXTENSION; Schema: -; Owner: -
--

CREATE EXTENSION IF NOT EXISTS postgis_topology WITH SCHEMA topology;


--
-- Name: EXTENSION postgis_topology; Type: COMMENT; Schema: -; Owner: 
--

COMMENT ON EXTENSION postgis_topology IS 'PostGIS topology spatial types and functions';


SET default_tablespace = '';

SET default_table_access_method = heap;

--
-- Name: auth_group; Type: TABLE; Schema: public; Owner: admin1
--

CREATE TABLE public.auth_group (
    id integer NOT NULL,
    name character varying(150) NOT NULL
);


ALTER TABLE public.auth_group OWNER TO admin1;

--
-- Name: auth_group_id_seq; Type: SEQUENCE; Schema: public; Owner: admin1
--

ALTER TABLE public.auth_group ALTER COLUMN id ADD GENERATED BY DEFAULT AS IDENTITY (
    SEQUENCE NAME public.auth_group_id_seq
    START WITH 1
    INCREMENT BY 1
    NO MINVALUE
    NO MAXVALUE
    CACHE 1
);


--
-- Name: auth_group_permissions; Type: TABLE; Schema: public; Owner: admin1
--

CREATE TABLE public.auth_group_permissions (
    id bigint NOT NULL,
    group_id integer NOT NULL,
    permission_id integer NOT NULL
);


ALTER TABLE public.auth_group_permissions OWNER TO admin1;

--
-- Name: auth_group_permissions_id_seq; Type: SEQUENCE; Schema: public; Owner: admin1
--

ALTER TABLE public.auth_group_permissions ALTER COLUMN id ADD GENERATED BY DEFAULT AS IDENTITY (
    SEQUENCE NAME public.auth_group_permissions_id_seq
    START WITH 1
    INCREMENT BY 1
    NO MINVALUE
    NO MAXVALUE
    CACHE 1
);


--
-- Name: auth_permission; Type: TABLE; Schema: public; Owner: admin1
--

CREATE TABLE public.auth_permission (
    id integer NOT NULL,
    name character varying(255) NOT NULL,
    content_type_id integer NOT NULL,
    codename character varying(100) NOT NULL
);


ALTER TABLE public.auth_permission OWNER TO admin1;

--
-- Name: auth_permission_id_seq; Type: SEQUENCE; Schema: public; Owner: admin1
--

ALTER TABLE public.auth_permission ALTER COLUMN id ADD GENERATED BY DEFAULT AS IDENTITY (
    SEQUENCE NAME public.auth_permission_id_seq
    START WITH 1
    INCREMENT BY 1
    NO MINVALUE
    NO MAXVALUE
    CACHE 1
);


--
-- Name: auth_user; Type: TABLE; Schema: public; Owner: admin1
--

CREATE TABLE public.auth_user (
    id integer NOT NULL,
    password character varying(128) NOT NULL,
    last_login timestamp with time zone,
    is_superuser boolean NOT NULL,
    username character varying(150) NOT NULL,
    first_name character varying(150) NOT NULL,
    last_name character varying(150) NOT NULL,
    email character varying(254) NOT NULL,
    is_staff boolean NOT NULL,
    is_active boolean NOT NULL,
    date_joined timestamp with time zone NOT NULL
);


ALTER TABLE public.auth_user OWNER TO admin1;

--
-- Name: auth_user_groups; Type: TABLE; Schema: public; Owner: admin1
--

CREATE TABLE public.auth_user_groups (
    id bigint NOT NULL,
    user_id integer NOT NULL,
    group_id integer NOT NULL
);


ALTER TABLE public.auth_user_groups OWNER TO admin1;

--
-- Name: auth_user_groups_id_seq; Type: SEQUENCE; Schema: public; Owner: admin1
--

ALTER TABLE public.auth_user_groups ALTER COLUMN id ADD GENERATED BY DEFAULT AS IDENTITY (
    SEQUENCE NAME public.auth_user_groups_id_seq
    START WITH 1
    INCREMENT BY 1
    NO MINVALUE
    NO MAXVALUE
    CACHE 1
);


--
-- Name: auth_user_id_seq; Type: SEQUENCE; Schema: public; Owner: admin1
--

ALTER TABLE public.auth_user ALTER COLUMN id ADD GENERATED BY DEFAULT AS IDENTITY (
    SEQUENCE NAME public.auth_user_id_seq
    START WITH 1
    INCREMENT BY 1
    NO MINVALUE
    NO MAXVALUE
    CACHE 1
);


--
-- Name: auth_user_user_permissions; Type: TABLE; Schema: public; Owner: admin1
--

CREATE TABLE public.auth_user_user_permissions (
    id bigint NOT NULL,
    user_id integer NOT NULL,
    permission_id integer NOT NULL
);


ALTER TABLE public.auth_user_user_permissions OWNER TO admin1;

--
-- Name: auth_user_user_permissions_id_seq; Type: SEQUENCE; Schema: public; Owner: admin1
--

ALTER TABLE public.auth_user_user_permissions ALTER COLUMN id ADD GENERATED BY DEFAULT AS IDENTITY (
    SEQUENCE NAME public.auth_user_user_permissions_id_seq
    START WITH 1
    INCREMENT BY 1
    NO MINVALUE
    NO MAXVALUE
    CACHE 1
);


--
-- Name: django_admin_log; Type: TABLE; Schema: public; Owner: admin1
--

CREATE TABLE public.django_admin_log (
    id integer NOT NULL,
    action_time timestamp with time zone NOT NULL,
    object_id text,
    object_repr character varying(200) NOT NULL,
    action_flag smallint NOT NULL,
    change_message text NOT NULL,
    content_type_id integer,
    user_id integer NOT NULL,
    CONSTRAINT django_admin_log_action_flag_check CHECK ((action_flag >= 0))
);


ALTER TABLE public.django_admin_log OWNER TO admin1;

--
-- Name: django_admin_log_id_seq; Type: SEQUENCE; Schema: public; Owner: admin1
--

ALTER TABLE public.django_admin_log ALTER COLUMN id ADD GENERATED BY DEFAULT AS IDENTITY (
    SEQUENCE NAME public.django_admin_log_id_seq
    START WITH 1
    INCREMENT BY 1
    NO MINVALUE
    NO MAXVALUE
    CACHE 1
);


--
-- Name: django_content_type; Type: TABLE; Schema: public; Owner: admin1
--

CREATE TABLE public.django_content_type (
    id integer NOT NULL,
    app_label character varying(100) NOT NULL,
    model character varying(100) NOT NULL
);


ALTER TABLE public.django_content_type OWNER TO admin1;

--
-- Name: django_content_type_id_seq; Type: SEQUENCE; Schema: public; Owner: admin1
--

ALTER TABLE public.django_content_type ALTER COLUMN id ADD GENERATED BY DEFAULT AS IDENTITY (
    SEQUENCE NAME public.django_content_type_id_seq
    START WITH 1
    INCREMENT BY 1
    NO MINVALUE
    NO MAXVALUE
    CACHE 1
);


--
-- Name: django_migrations; Type: TABLE; Schema: public; Owner: admin1
--

CREATE TABLE public.django_migrations (
    id bigint NOT NULL,
    app character varying(255) NOT NULL,
    name character varying(255) NOT NULL,
    applied timestamp with time zone NOT NULL
);


ALTER TABLE public.django_migrations OWNER TO admin1;

--
-- Name: django_migrations_id_seq; Type: SEQUENCE; Schema: public; Owner: admin1
--

ALTER TABLE public.django_migrations ALTER COLUMN id ADD GENERATED BY DEFAULT AS IDENTITY (
    SEQUENCE NAME public.django_migrations_id_seq
    START WITH 1
    INCREMENT BY 1
    NO MINVALUE
    NO MAXVALUE
    CACHE 1
);


--
-- Name: django_session; Type: TABLE; Schema: public; Owner: admin1
--

CREATE TABLE public.django_session (
    session_key character varying(40) NOT NULL,
    session_data text NOT NULL,
    expire_date timestamp with time zone NOT NULL
);


ALTER TABLE public.django_session OWNER TO admin1;

--
-- Name: traffic_api_car; Type: TABLE; Schema: public; Owner: admin1
--

CREATE TABLE public.traffic_api_car (
    id integer NOT NULL,
    license_plate character varying(20) NOT NULL,
    registered_at timestamp with time zone DEFAULT now() NOT NULL
);


ALTER TABLE public.traffic_api_car OWNER TO admin1;

--
-- Name: traffic_api_car_id_seq; Type: SEQUENCE; Schema: public; Owner: admin1
--

CREATE SEQUENCE public.traffic_api_car_id_seq
    AS integer
    START WITH 1
    INCREMENT BY 1
    NO MINVALUE
    NO MAXVALUE
    CACHE 1;


ALTER SEQUENCE public.traffic_api_car_id_seq OWNER TO admin1;

--
-- Name: traffic_api_car_id_seq; Type: SEQUENCE OWNED BY; Schema: public; Owner: admin1
--

ALTER SEQUENCE public.traffic_api_car_id_seq OWNED BY public.traffic_api_car.id;


--
-- Name: traffic_api_passage; Type: TABLE; Schema: public; Owner: admin1
--

CREATE TABLE public.traffic_api_passage (
    id integer NOT NULL,
    car_id integer NOT NULL,
    road_segment_id integer NOT NULL,
    sensor_id integer NOT NULL,
    "timestamp" timestamp with time zone NOT NULL
);


ALTER TABLE public.traffic_api_passage OWNER TO admin1;

--
-- Name: traffic_api_passage_id_seq; Type: SEQUENCE; Schema: public; Owner: admin1
--

CREATE SEQUENCE public.traffic_api_passage_id_seq
    AS integer
    START WITH 1
    INCREMENT BY 1
    NO MINVALUE
    NO MAXVALUE
    CACHE 1;


ALTER SEQUENCE public.traffic_api_passage_id_seq OWNER TO admin1;

--
-- Name: traffic_api_passage_id_seq; Type: SEQUENCE OWNED BY; Schema: public; Owner: admin1
--

ALTER SEQUENCE public.traffic_api_passage_id_seq OWNED BY public.traffic_api_passage.id;


--
-- Name: traffic_api_roadsegment; Type: TABLE; Schema: public; Owner: admin1
--

CREATE TABLE public.traffic_api_roadsegment (
    id integer NOT NULL,
    long_start double precision NOT NULL,
    lat_start double precision NOT NULL,
    long_end double precision NOT NULL,
    lat_end double precision NOT NULL,
    length double precision NOT NULL,
    speed double precision NOT NULL,
    geom public.geometry(LineString,4326)
);


ALTER TABLE public.traffic_api_roadsegment OWNER TO admin1;

--
-- Name: traffic_api_roadsegment_id_seq; Type: SEQUENCE; Schema: public; Owner: admin1
--

CREATE SEQUENCE public.traffic_api_roadsegment_id_seq
    AS integer
    START WITH 1
    INCREMENT BY 1
    NO MINVALUE
    NO MAXVALUE
    CACHE 1;


ALTER SEQUENCE public.traffic_api_roadsegment_id_seq OWNER TO admin1;

--
-- Name: traffic_api_roadsegment_id_seq; Type: SEQUENCE OWNED BY; Schema: public; Owner: admin1
--

ALTER SEQUENCE public.traffic_api_roadsegment_id_seq OWNED BY public.traffic_api_roadsegment.id;


--
-- Name: traffic_api_sensor; Type: TABLE; Schema: public; Owner: admin1
--

CREATE TABLE public.traffic_api_sensor (
    id integer NOT NULL,
    name character varying(100) NOT NULL,
    uuid uuid NOT NULL,
    location public.geometry(Point,4326)
);


ALTER TABLE public.traffic_api_sensor OWNER TO admin1;

--
-- Name: traffic_api_sensor_id_seq; Type: SEQUENCE; Schema: public; Owner: admin1
--

CREATE SEQUENCE public.traffic_api_sensor_id_seq
    AS integer
    START WITH 1
    INCREMENT BY 1
    NO MINVALUE
    NO MAXVALUE
    CACHE 1;


ALTER SEQUENCE public.traffic_api_sensor_id_seq OWNER TO admin1;

--
-- Name: traffic_api_sensor_id_seq; Type: SEQUENCE OWNED BY; Schema: public; Owner: admin1
--

ALTER SEQUENCE public.traffic_api_sensor_id_seq OWNED BY public.traffic_api_sensor.id;


--
-- Name: traffic_api_trafficreading; Type: TABLE; Schema: public; Owner: admin1
--

CREATE TABLE public.traffic_api_trafficreading (
    id bigint NOT NULL,
    average_speed double precision NOT NULL,
    "timestamp" timestamp with time zone NOT NULL,
    road_segment_id bigint NOT NULL
);


ALTER TABLE public.traffic_api_trafficreading OWNER TO admin1;

--
-- Name: traffic_api_trafficreading_id_seq; Type: SEQUENCE; Schema: public; Owner: admin1
--

ALTER TABLE public.traffic_api_trafficreading ALTER COLUMN id ADD GENERATED BY DEFAULT AS IDENTITY (
    SEQUENCE NAME public.traffic_api_trafficreading_id_seq
    START WITH 1
    INCREMENT BY 1
    NO MINVALUE
    NO MAXVALUE
    CACHE 1
);


--
-- Name: traffic_speed; Type: TABLE; Schema: public; Owner: admin1
--

CREATE TABLE public.traffic_speed (
    id integer NOT NULL,
    long_start double precision NOT NULL,
    lat_start double precision NOT NULL,
    long_end double precision NOT NULL,
    lat_end double precision NOT NULL,
    length double precision NOT NULL,
    speed double precision NOT NULL
);


ALTER TABLE public.traffic_speed OWNER TO admin1;

--
-- Name: traffic_speed_id_seq; Type: SEQUENCE; Schema: public; Owner: admin1
--

CREATE SEQUENCE public.traffic_speed_id_seq
    AS integer
    START WITH 1
    INCREMENT BY 1
    NO MINVALUE
    NO MAXVALUE
    CACHE 1;


ALTER SEQUENCE public.traffic_speed_id_seq OWNER TO admin1;

--
-- Name: traffic_speed_id_seq; Type: SEQUENCE OWNED BY; Schema: public; Owner: admin1
--

ALTER SEQUENCE public.traffic_speed_id_seq OWNED BY public.traffic_speed.id;


--
-- Name: traffic_api_car id; Type: DEFAULT; Schema: public; Owner: admin1
--

ALTER TABLE ONLY public.traffic_api_car ALTER COLUMN id SET DEFAULT nextval('public.traffic_api_car_id_seq'::regclass);


--
-- Name: traffic_api_passage id; Type: DEFAULT; Schema: public; Owner: admin1
--

ALTER TABLE ONLY public.traffic_api_passage ALTER COLUMN id SET DEFAULT nextval('public.traffic_api_passage_id_seq'::regclass);


--
-- Name: traffic_api_roadsegment id; Type: DEFAULT; Schema: public; Owner: admin1
--

ALTER TABLE ONLY public.traffic_api_roadsegment ALTER COLUMN id SET DEFAULT nextval('public.traffic_api_roadsegment_id_seq'::regclass);


--
-- Name: traffic_api_sensor id; Type: DEFAULT; Schema: public; Owner: admin1
--

ALTER TABLE ONLY public.traffic_api_sensor ALTER COLUMN id SET DEFAULT nextval('public.traffic_api_sensor_id_seq'::regclass);


--
-- Name: traffic_speed id; Type: DEFAULT; Schema: public; Owner: admin1
--

ALTER TABLE ONLY public.traffic_speed ALTER COLUMN id SET DEFAULT nextval('public.traffic_speed_id_seq'::regclass);


--
-- Data for Name: auth_group; Type: TABLE DATA; Schema: public; Owner: admin1
--

COPY public.auth_group (id, name) FROM stdin;
\.


--
-- Data for Name: auth_group_permissions; Type: TABLE DATA; Schema: public; Owner: admin1
--

COPY public.auth_group_permissions (id, group_id, permission_id) FROM stdin;
\.


--
-- Data for Name: auth_permission; Type: TABLE DATA; Schema: public; Owner: admin1
--

COPY public.auth_permission (id, name, content_type_id, codename) FROM stdin;
1	Can add log entry	1	add_logentry
2	Can change log entry	1	change_logentry
3	Can delete log entry	1	delete_logentry
4	Can view log entry	1	view_logentry
5	Can add permission	2	add_permission
6	Can change permission	2	change_permission
7	Can delete permission	2	delete_permission
8	Can view permission	2	view_permission
9	Can add group	3	add_group
10	Can change group	3	change_group
11	Can delete group	3	delete_group
12	Can view group	3	view_group
13	Can add user	4	add_user
14	Can change user	4	change_user
15	Can delete user	4	delete_user
16	Can view user	4	view_user
17	Can add content type	5	add_contenttype
18	Can change content type	5	change_contenttype
19	Can delete content type	5	delete_contenttype
20	Can view content type	5	view_contenttype
21	Can add session	6	add_session
22	Can change session	6	change_session
23	Can delete session	6	delete_session
24	Can view session	6	view_session
25	Can add traffic reading	7	add_trafficreading
26	Can change traffic reading	7	change_trafficreading
27	Can delete traffic reading	7	delete_trafficreading
28	Can view traffic reading	7	view_trafficreading
29	Can add road segment	8	add_roadsegment
30	Can change road segment	8	change_roadsegment
31	Can delete road segment	8	delete_roadsegment
32	Can view road segment	8	view_roadsegment
33	Can add sensor	9	add_sensor
34	Can change sensor	9	change_sensor
35	Can delete sensor	9	delete_sensor
36	Can view sensor	9	view_sensor
\.


--
-- Data for Name: auth_user; Type: TABLE DATA; Schema: public; Owner: admin1
--

COPY public.auth_user (id, password, last_login, is_superuser, username, first_name, last_name, email, is_staff, is_active, date_joined) FROM stdin;
1	pbkdf2_sha256$1000000$eF21lL88anW5j7b5cmGOvs$ZhoeHOkB6+FyJeTZs4ZY54TV/1yjAl0H7J09TZn2S50=	2025-08-12 01:52:09.223652+00	t	manager				t	t	2025-08-11 19:00:26.700581+00
\.


--
-- Data for Name: auth_user_groups; Type: TABLE DATA; Schema: public; Owner: admin1
--

COPY public.auth_user_groups (id, user_id, group_id) FROM stdin;
\.


--
-- Data for Name: auth_user_user_permissions; Type: TABLE DATA; Schema: public; Owner: admin1
--

COPY public.auth_user_user_permissions (id, user_id, permission_id) FROM stdin;
\.


--
-- Data for Name: django_admin_log; Type: TABLE DATA; Schema: public; Owner: admin1
--

COPY public.django_admin_log (id, action_time, object_id, object_repr, action_flag, change_message, content_type_id, user_id) FROM stdin;
1	2025-08-11 21:04:09.29095+00	5	Segment 5	1	[{"added": {}}]	8	1
2	2025-08-11 21:17:48.409016+00	5	Segment 5	3		8	1
\.


--
-- Data for Name: django_content_type; Type: TABLE DATA; Schema: public; Owner: admin1
--

COPY public.django_content_type (id, app_label, model) FROM stdin;
1	admin	logentry
2	auth	permission
3	auth	group
4	auth	user
5	contenttypes	contenttype
6	sessions	session
7	traffic_api	trafficreading
8	traffic_api	roadsegment
9	traffic_api	sensor
\.


--
-- Data for Name: django_migrations; Type: TABLE DATA; Schema: public; Owner: admin1
--

COPY public.django_migrations (id, app, name, applied) FROM stdin;
1	contenttypes	0001_initial	2025-08-11 18:13:26.948627+00
2	auth	0001_initial	2025-08-11 18:13:27.004184+00
3	admin	0001_initial	2025-08-11 18:13:27.019894+00
4	admin	0002_logentry_remove_auto_add	2025-08-11 18:13:27.024378+00
5	admin	0003_logentry_add_action_flag_choices	2025-08-11 18:13:27.028885+00
6	contenttypes	0002_remove_content_type_name	2025-08-11 18:13:27.037821+00
7	auth	0002_alter_permission_name_max_length	2025-08-11 18:13:27.043428+00
8	auth	0003_alter_user_email_max_length	2025-08-11 18:13:27.047972+00
9	auth	0004_alter_user_username_opts	2025-08-11 18:13:27.052184+00
10	auth	0005_alter_user_last_login_null	2025-08-11 18:13:27.056772+00
11	auth	0006_require_contenttypes_0002	2025-08-11 18:13:27.058062+00
12	auth	0007_alter_validators_add_error_messages	2025-08-11 18:13:27.062298+00
13	auth	0008_alter_user_username_max_length	2025-08-11 18:13:27.069811+00
14	auth	0009_alter_user_last_name_max_length	2025-08-11 18:13:27.074434+00
15	auth	0010_alter_group_name_max_length	2025-08-11 18:13:27.079859+00
16	auth	0011_update_proxy_permissions	2025-08-11 18:13:27.084234+00
17	auth	0012_alter_user_first_name_max_length	2025-08-11 18:13:27.090018+00
18	sessions	0001_initial	2025-08-11 18:13:27.101381+00
19	traffic_api	0001_initial	2025-08-11 18:18:10.97252+00
20	traffic_api	0002_sensor	2025-08-11 19:09:00.754082+00
\.


--
-- Data for Name: django_session; Type: TABLE DATA; Schema: public; Owner: admin1
--

COPY public.django_session (session_key, session_data, expire_date) FROM stdin;
5hoh77irbr13g2dcj77kiyl4irseh4xk	.eJxVjMsOwiAQRf-FtSG8cVy67zeQAQapGkhKuzL-uzbpQrf3nHNfLOC21rANWsKc2YVJdvrdIqYHtR3kO7Zb56m3dZkj3xV-0MGnnul5Pdy_g4qjfmty56IleOMteLBYkMiaSEYIiEKnZBIU5UrJwrkiQSkZhdEmgsRsQbP3B9qjN4A:1ulXlH:sEKJ8Jgio7KLfS6T9WkAbY0MJNPqXUcSIOUrDHrV6Ec	2025-08-25 19:00:47.607234+00
d4sogd6da9t5mx4efk69g69hhl5wqxtd	.eJxVjMsOwiAQRf-FtSG8cVy67zeQAQapGkhKuzL-uzbpQrf3nHNfLOC21rANWsKc2YVJdvrdIqYHtR3kO7Zb56m3dZkj3xV-0MGnnul5Pdy_g4qjfmty56IleOMteLBYkMiaSEYIiEKnZBIU5UrJwrkiQSkZhdEmgsRsQbP3B9qjN4A:1uleBN:hTrfCiMEXHY_rvBHVA1dlalovHSrF2ydXsiR3v9Fjew	2025-08-26 01:52:09.226085+00
\.


--
-- Data for Name: spatial_ref_sys; Type: TABLE DATA; Schema: public; Owner: admin1
--

COPY public.spatial_ref_sys (srid, auth_name, auth_srid, srtext, proj4text) FROM stdin;
\.


--
-- Data for Name: traffic_api_car; Type: TABLE DATA; Schema: public; Owner: admin1
--

COPY public.traffic_api_car (id, license_plate, registered_at) FROM stdin;
1	ABC1234	2025-08-12 11:10:52.685861+00
34	DEF5678	2025-08-12 11:13:25.911894+00
35	GHI9012	2025-08-12 11:13:25.91544+00
36	JKL3456	2025-08-12 11:13:25.918871+00
\.


--
-- Data for Name: traffic_api_passage; Type: TABLE DATA; Schema: public; Owner: admin1
--

COPY public.traffic_api_passage (id, car_id, road_segment_id, sensor_id, "timestamp") FROM stdin;
1	1	1	1	2025-08-12 14:30:00+00
2	1	1	1	2025-08-12 14:30:00+00
3	34	2	2	2025-08-12 15:00:00+00
4	35	3	3	2025-08-12 15:30:00+00
5	36	1	1	2025-08-12 16:00:00+00
\.


--
-- Data for Name: traffic_api_roadsegment; Type: TABLE DATA; Schema: public; Owner: admin1
--

COPY public.traffic_api_roadsegment (id, long_start, lat_start, long_end, lat_end, length, speed, geom) FROM stdin;
1	103.9460064	30.75066046	103.9564943	30.7450801	1179.207157	31.76904762	\N
2	103.9460064	30.75066046	103.9412759	30.75449343	620.9053755	49.45	\N
3	103.9460064	30.75066046	103.9525507	30.75675243	921.0410139	42.78	\N
4	104.0625393	30.7390774	104.0620712	30.73250066	730.2875808	35.15	\N
6	103.9460064	30.75066046	103.9564943	30.7450801	1179.207157	31.76904762	\N
7	103.9460064	30.75066046	103.9412759	30.75449343	620.9053755	49.45	\N
8	103.9460064	30.75066046	103.9525507	30.75675243	921.0410139	42.78	\N
9	104.0625393	30.7390774	104.0620712	30.73250066	730.2875808	35.15	\N
10	104.0625393	30.7390774	104.0600238	30.74269338	467.5522935	25.95	\N
11	104.0732399	30.76099259	104.0730086	30.74887448	1343.253385	32.53333333	\N
12	104.0732399	30.76099259	104.0507089	30.76141245	2157.007237	55.7	\N
13	104.0732399	30.76099259	104.1146272	30.76027681	3962.074577	39.2	\N
14	104.0732399	30.76099259	104.0737873	30.78668402	2847.913944	66.0125	\N
15	104.1508278	30.73841386	104.129349	30.7231598	2662.134322	62.95	\N
16	104.1508278	30.73841386	104.1462028	30.72511547	1538.935186	30.66	\N
17	104.1508278	30.73841386	104.1588451	30.73807002	768.4620807	46.805	\N
18	104.1508278	30.73841386	104.1374701	30.77433248	4181.143453	46.805	\N
19	103.9812278	30.70951601	103.9804376	30.7055703	443.815225	20.95	\N
20	103.9812278	30.70951601	103.9802912	30.71025208	121.2443022	18.76	\N
21	104.0439712	30.6867731	104.0444437	30.68572405	124.7648613	54	\N
22	104.0439712	30.6867731	104.0428231	30.68723173	121.1557126	30.7125	\N
23	104.1012878	30.71733224	104.1007402	30.71605867	150.5741881	31.5	\N
24	104.1012878	30.71733224	104.1018715	30.7188824	180.6695447	41	\N
25	104.1642292	30.69574474	104.158776	30.69530501	524.5509497	21.92	\N
26	104.1642292	30.69574474	104.1645632	30.69122648	501.773329	31.11666667	\N
27	104.1642292	30.69574474	104.1638951	30.70182076	674.1569701	30.4	\N
28	103.9777074	30.66252283	103.9749723	30.66252693	262.0547376	36.56666667	\N
29	103.9777074	30.66252283	103.9778687	30.6589357	397.8707718	29.95833333	\N
30	103.9777074	30.66252283	103.9776502	30.66449919	219.1141492	36.56666667	\N
31	104.0404044	30.6386652	104.0392578	30.63682457	231.7111229	28.625	\N
32	104.0404044	30.6386652	104.0411563	30.63977679	142.7229606	31.2	\N
33	104.0404044	30.6386652	104.0377035	30.63995675	295.7785775	25.87916667	\N
34	104.1181679	30.65058201	104.1140751	30.65030184	393.3975505	22.65	\N
35	104.1181679	30.65058201	104.1214109	30.65013097	314.7466556	33.47142857	\N
36	104.1181679	30.65058201	104.1178297	30.65328507	301.3254122	26.85	\N
37	104.1472874	30.64296083	104.1463315	30.64059106	278.1529173	40.83333333	\N
38	104.1472874	30.64296083	104.1496059	30.64216205	239.1655126	16.5	\N
39	103.9826185	30.61386248	103.9776869	30.61166959	531.5645307	34.55454545	\N
40	103.9826185	30.61386248	103.9816494	30.60279961	1229.628076	31.54583333	\N
41	103.9826185	30.61386248	103.9851381	30.61499377	272.1300849	31.38977273	\N
42	104.0612402	30.59666547	104.0613987	30.59376339	321.9945508	31.525	\N
43	104.0612402	30.59666547	104.0578933	30.59668669	320.8957553	34.55	\N
44	104.0612402	30.59666547	104.0612128	30.60054761	430.2623322	39.45	\N
45	104.1323295	30.59740351	104.1360359	30.59511501	436.5838356	46.63333333	\N
46	104.1323295	30.59740351	104.1354405	30.60123549	518.9610531	46.075	\N
47	104.1323295	30.59740351	104.1246492	30.60216894	906.1380717	44.5875	\N
48	104.149224	30.61054808	104.1463549	30.60674406	503.3719165	21.75	\N
49	104.149224	30.61054808	104.1526212	30.6089618	370.0824554	54.55	\N
50	104.149224	30.61054808	104.1381502	30.61375537	1119.4482	55.325	\N
51	103.9525507	30.75675243	103.9613727	30.75254195	964.822029	42.78	\N
52	103.9525507	30.75675243	103.9619529	30.76609451	1371.854501	42.78	\N
53	104.0530243	30.75790039	104.0481228	30.7539247	643.6417399	53.425	\N
54	104.0530243	30.75790039	104.0666187	30.74499537	1933.671041	35.7	\N
55	104.0530243	30.75790039	104.0507089	30.76141245	447.9160573	35.86666667	\N
56	104.0730086	30.74887448	104.0666187	30.74499537	747.6592605	52.73333333	\N
57	104.0730086	30.74887448	104.0726375	30.72578859	2558.887309	47.7	\N
58	104.1588451	30.73807002	104.1462028	30.72511547	1877.861688	54.8775	\N
59	104.1588451	30.73807002	104.1609358	30.72308424	1672.884115	40.53333333	\N
60	104.1588451	30.73807002	104.1675722	30.75834783	2397.625728	46.805	\N
61	103.9717958	30.70900484	103.9754957	30.69767357	1304.912095	36.675	\N
62	103.9717958	30.70900484	103.979059	30.71243403	792.6168708	33.45	\N
63	103.9717958	30.70900484	103.966997	30.71641552	941.1702069	32.9	\N
64	104.040111	30.71551717	104.0404398	30.71284378	297.9644774	23.4	\N
65	104.040111	30.71551717	104.045209	30.71599628	491.0600093	27.03214286	\N
66	104.0773952	30.69705062	104.0742895	30.69705339	297.4541047	48.52916667	\N
67	104.0773952	30.69705062	104.0787152	30.69703746	126.4330825	36.07142857	\N
68	104.0773952	30.69705062	104.0773157	30.70282784	640.3378561	48.9	\N
69	104.1847307	30.69654394	104.184379	30.69224823	477.2751353	37.975	\N
70	104.1847307	30.69654394	104.1769595	30.69629187	744.8007551	35.925	\N
71	104.1847307	30.69654394	104.1857165	30.70246353	662.8173793	40.55	\N
72	103.963491	30.66467205	103.9625424	30.65991764	534.7262649	34.26666667	\N
73	103.963491	30.66467205	103.9748388	30.66471229	1087.243613	14.66666667	\N
74	104.0120406	30.64390586	104.0085096	30.64330149	344.9470654	26.01111111	\N
75	104.0120406	30.64390586	104.0136529	30.64204591	257.6165547	48.05	\N
76	104.0120406	30.64390586	104.0143642	30.64454912	233.7971718	25.55277778	\N
77	104.0120406	30.64390586	104.0114083	30.64760226	414.1344437	21.01428571	\N
78	104.0860338	30.64221009	104.0850152	30.64157585	120.2890328	20.82	\N
79	104.0860338	30.64221009	104.0863831	30.64181519	55.09816775	39.05	\N
80	104.0860338	30.64221009	104.0857848	30.64258043	47.47870099	20.82	\N
81	104.0860338	30.64221009	104.0875368	30.6431534	177.9770438	34	\N
82	104.1747682	30.65471347	104.1749113	30.65114609	395.6032631	29.25	\N
83	104.1747682	30.65471347	104.1831593	30.65487167	804.1917262	15.95	\N
84	104.1747682	30.65471347	104.1571519	30.65730466	1712.154667	27.7	\N
85	104.1747682	30.65471347	104.1748633	30.65937538	516.7491094	36.75	\N
86	103.9776869	30.61166959	103.9721097	30.60924975	598.1445228	30.75	\N
87	103.9776869	30.61166959	103.972055	30.62091828	1158.521852	45.55	\N
\.


--
-- Data for Name: traffic_api_sensor; Type: TABLE DATA; Schema: public; Owner: admin1
--

COPY public.traffic_api_sensor (id, name, uuid, location) FROM stdin;
1	Gorgeous Flamingo	270e4cc0-d454-4b42-8682-80e87c3d163c	\N
2	Crisp Avalange	a3e86bd0-c19f-44e9-84c0-eadf4d4da197	\N
3	Fatal Lightfoot	e2937d9e-fb00-4a7e-969a-d7332d0e679b	\N
4	Arctic Doctor	4fc74c7c-1db4-4f79-a1fd-ed447083888f	\N
5	Bright Prodigy	3fea3d4c-a85d-43b5-9200-5e58fdca89c9	\N
\.


--
-- Data for Name: traffic_api_trafficreading; Type: TABLE DATA; Schema: public; Owner: admin1
--

COPY public.traffic_api_trafficreading (id, average_speed, "timestamp", road_segment_id) FROM stdin;
\.


--
-- Data for Name: traffic_speed; Type: TABLE DATA; Schema: public; Owner: admin1
--

COPY public.traffic_speed (id, long_start, lat_start, long_end, lat_end, length, speed) FROM stdin;
1	103.9460064	30.75066046	103.9564943	30.7450801	1179.207157	31.76904762
2	103.9460064	30.75066046	103.9412759	30.75449343	620.9053755	49.45
3	103.9460064	30.75066046	103.9525507	30.75675243	921.0410139	42.78
4	104.0625393	30.7390774	104.0620712	30.73250066	730.2875808	35.15
5	104.0625393	30.7390774	104.0600238	30.74269338	467.5522935	25.95
6	104.0732399	30.76099259	104.0730086	30.74887448	1343.253385	32.53333333
7	104.0732399	30.76099259	104.0507089	30.76141245	2157.007237	55.7
8	104.0732399	30.76099259	104.1146272	30.76027681	3962.074577	39.2
9	104.0732399	30.76099259	104.0737873	30.78668402	2847.913944	66.0125
10	104.1508278	30.73841386	104.129349	30.7231598	2662.134322	62.95
11	104.1508278	30.73841386	104.1462028	30.72511547	1538.935186	30.66
12	104.1508278	30.73841386	104.1588451	30.73807002	768.4620807	46.805
13	104.1508278	30.73841386	104.1374701	30.77433248	4181.143453	46.805
14	103.9812278	30.70951601	103.9804376	30.7055703	443.815225	20.95
15	103.9812278	30.70951601	103.9802912	30.71025208	121.2443022	18.76
16	104.0439712	30.6867731	104.0444437	30.68572405	124.7648613	54
17	104.0439712	30.6867731	104.0428231	30.68723173	121.1557126	30.7125
18	104.1012878	30.71733224	104.1007402	30.71605867	150.5741881	31.5
19	104.1012878	30.71733224	104.1018715	30.7188824	180.6695447	41
20	104.1642292	30.69574474	104.158776	30.69530501	524.5509497	21.92
21	104.1642292	30.69574474	104.1645632	30.69122648	501.773329	31.11666667
\.


--
-- Data for Name: geocode_settings; Type: TABLE DATA; Schema: tiger; Owner: admin1
--

COPY tiger.geocode_settings (name, setting, unit, category, short_desc) FROM stdin;
\.


--
-- Data for Name: pagc_gaz; Type: TABLE DATA; Schema: tiger; Owner: admin1
--

COPY tiger.pagc_gaz (id, seq, word, stdword, token, is_custom) FROM stdin;
\.


--
-- Data for Name: pagc_lex; Type: TABLE DATA; Schema: tiger; Owner: admin1
--

COPY tiger.pagc_lex (id, seq, word, stdword, token, is_custom) FROM stdin;
\.


--
-- Data for Name: pagc_rules; Type: TABLE DATA; Schema: tiger; Owner: admin1
--

COPY tiger.pagc_rules (id, rule, is_custom) FROM stdin;
\.


--
-- Data for Name: topology; Type: TABLE DATA; Schema: topology; Owner: admin1
--

COPY topology.topology (id, name, srid, "precision", hasz) FROM stdin;
\.


--
-- Data for Name: layer; Type: TABLE DATA; Schema: topology; Owner: admin1
--

COPY topology.layer (topology_id, layer_id, schema_name, table_name, feature_column, feature_type, level, child_id) FROM stdin;
\.


--
-- Name: auth_group_id_seq; Type: SEQUENCE SET; Schema: public; Owner: admin1
--

SELECT pg_catalog.setval('public.auth_group_id_seq', 1, false);


--
-- Name: auth_group_permissions_id_seq; Type: SEQUENCE SET; Schema: public; Owner: admin1
--

SELECT pg_catalog.setval('public.auth_group_permissions_id_seq', 1, false);


--
-- Name: auth_permission_id_seq; Type: SEQUENCE SET; Schema: public; Owner: admin1
--

SELECT pg_catalog.setval('public.auth_permission_id_seq', 36, true);


--
-- Name: auth_user_groups_id_seq; Type: SEQUENCE SET; Schema: public; Owner: admin1
--

SELECT pg_catalog.setval('public.auth_user_groups_id_seq', 1, false);


--
-- Name: auth_user_id_seq; Type: SEQUENCE SET; Schema: public; Owner: admin1
--

SELECT pg_catalog.setval('public.auth_user_id_seq', 1, true);


--
-- Name: auth_user_user_permissions_id_seq; Type: SEQUENCE SET; Schema: public; Owner: admin1
--

SELECT pg_catalog.setval('public.auth_user_user_permissions_id_seq', 1, false);


--
-- Name: django_admin_log_id_seq; Type: SEQUENCE SET; Schema: public; Owner: admin1
--

SELECT pg_catalog.setval('public.django_admin_log_id_seq', 2, true);


--
-- Name: django_content_type_id_seq; Type: SEQUENCE SET; Schema: public; Owner: admin1
--

SELECT pg_catalog.setval('public.django_content_type_id_seq', 9, true);


--
-- Name: django_migrations_id_seq; Type: SEQUENCE SET; Schema: public; Owner: admin1
--

SELECT pg_catalog.setval('public.django_migrations_id_seq', 20, true);


--
-- Name: traffic_api_car_id_seq; Type: SEQUENCE SET; Schema: public; Owner: admin1
--

SELECT pg_catalog.setval('public.traffic_api_car_id_seq', 36, true);


--
-- Name: traffic_api_passage_id_seq; Type: SEQUENCE SET; Schema: public; Owner: admin1
--

SELECT pg_catalog.setval('public.traffic_api_passage_id_seq', 5, true);


--
-- Name: traffic_api_roadsegment_id_seq; Type: SEQUENCE SET; Schema: public; Owner: admin1
--

SELECT pg_catalog.setval('public.traffic_api_roadsegment_id_seq', 87, true);


--
-- Name: traffic_api_sensor_id_seq; Type: SEQUENCE SET; Schema: public; Owner: admin1
--

SELECT pg_catalog.setval('public.traffic_api_sensor_id_seq', 1, false);


--
-- Name: traffic_api_trafficreading_id_seq; Type: SEQUENCE SET; Schema: public; Owner: admin1
--

SELECT pg_catalog.setval('public.traffic_api_trafficreading_id_seq', 1, false);


--
-- Name: traffic_speed_id_seq; Type: SEQUENCE SET; Schema: public; Owner: admin1
--

SELECT pg_catalog.setval('public.traffic_speed_id_seq', 1, false);


--
-- Name: topology_id_seq; Type: SEQUENCE SET; Schema: topology; Owner: admin1
--

SELECT pg_catalog.setval('topology.topology_id_seq', 1, false);


--
-- Name: auth_group auth_group_name_key; Type: CONSTRAINT; Schema: public; Owner: admin1
--

ALTER TABLE ONLY public.auth_group
    ADD CONSTRAINT auth_group_name_key UNIQUE (name);


--
-- Name: auth_group_permissions auth_group_permissions_group_id_permission_id_0cd325b0_uniq; Type: CONSTRAINT; Schema: public; Owner: admin1
--

ALTER TABLE ONLY public.auth_group_permissions
    ADD CONSTRAINT auth_group_permissions_group_id_permission_id_0cd325b0_uniq UNIQUE (group_id, permission_id);


--
-- Name: auth_group_permissions auth_group_permissions_pkey; Type: CONSTRAINT; Schema: public; Owner: admin1
--

ALTER TABLE ONLY public.auth_group_permissions
    ADD CONSTRAINT auth_group_permissions_pkey PRIMARY KEY (id);


--
-- Name: auth_group auth_group_pkey; Type: CONSTRAINT; Schema: public; Owner: admin1
--

ALTER TABLE ONLY public.auth_group
    ADD CONSTRAINT auth_group_pkey PRIMARY KEY (id);


--
-- Name: auth_permission auth_permission_content_type_id_codename_01ab375a_uniq; Type: CONSTRAINT; Schema: public; Owner: admin1
--

ALTER TABLE ONLY public.auth_permission
    ADD CONSTRAINT auth_permission_content_type_id_codename_01ab375a_uniq UNIQUE (content_type_id, codename);


--
-- Name: auth_permission auth_permission_pkey; Type: CONSTRAINT; Schema: public; Owner: admin1
--

ALTER TABLE ONLY public.auth_permission
    ADD CONSTRAINT auth_permission_pkey PRIMARY KEY (id);


--
-- Name: auth_user_groups auth_user_groups_pkey; Type: CONSTRAINT; Schema: public; Owner: admin1
--

ALTER TABLE ONLY public.auth_user_groups
    ADD CONSTRAINT auth_user_groups_pkey PRIMARY KEY (id);


--
-- Name: auth_user_groups auth_user_groups_user_id_group_id_94350c0c_uniq; Type: CONSTRAINT; Schema: public; Owner: admin1
--

ALTER TABLE ONLY public.auth_user_groups
    ADD CONSTRAINT auth_user_groups_user_id_group_id_94350c0c_uniq UNIQUE (user_id, group_id);


--
-- Name: auth_user auth_user_pkey; Type: CONSTRAINT; Schema: public; Owner: admin1
--

ALTER TABLE ONLY public.auth_user
    ADD CONSTRAINT auth_user_pkey PRIMARY KEY (id);


--
-- Name: auth_user_user_permissions auth_user_user_permissions_pkey; Type: CONSTRAINT; Schema: public; Owner: admin1
--

ALTER TABLE ONLY public.auth_user_user_permissions
    ADD CONSTRAINT auth_user_user_permissions_pkey PRIMARY KEY (id);


--
-- Name: auth_user_user_permissions auth_user_user_permissions_user_id_permission_id_14a6b632_uniq; Type: CONSTRAINT; Schema: public; Owner: admin1
--

ALTER TABLE ONLY public.auth_user_user_permissions
    ADD CONSTRAINT auth_user_user_permissions_user_id_permission_id_14a6b632_uniq UNIQUE (user_id, permission_id);


--
-- Name: auth_user auth_user_username_key; Type: CONSTRAINT; Schema: public; Owner: admin1
--

ALTER TABLE ONLY public.auth_user
    ADD CONSTRAINT auth_user_username_key UNIQUE (username);


--
-- Name: django_admin_log django_admin_log_pkey; Type: CONSTRAINT; Schema: public; Owner: admin1
--

ALTER TABLE ONLY public.django_admin_log
    ADD CONSTRAINT django_admin_log_pkey PRIMARY KEY (id);


--
-- Name: django_content_type django_content_type_app_label_model_76bd3d3b_uniq; Type: CONSTRAINT; Schema: public; Owner: admin1
--

ALTER TABLE ONLY public.django_content_type
    ADD CONSTRAINT django_content_type_app_label_model_76bd3d3b_uniq UNIQUE (app_label, model);


--
-- Name: django_content_type django_content_type_pkey; Type: CONSTRAINT; Schema: public; Owner: admin1
--

ALTER TABLE ONLY public.django_content_type
    ADD CONSTRAINT django_content_type_pkey PRIMARY KEY (id);


--
-- Name: django_migrations django_migrations_pkey; Type: CONSTRAINT; Schema: public; Owner: admin1
--

ALTER TABLE ONLY public.django_migrations
    ADD CONSTRAINT django_migrations_pkey PRIMARY KEY (id);


--
-- Name: django_session django_session_pkey; Type: CONSTRAINT; Schema: public; Owner: admin1
--

ALTER TABLE ONLY public.django_session
    ADD CONSTRAINT django_session_pkey PRIMARY KEY (session_key);


--
-- Name: traffic_api_car traffic_api_car_license_plate_key; Type: CONSTRAINT; Schema: public; Owner: admin1
--

ALTER TABLE ONLY public.traffic_api_car
    ADD CONSTRAINT traffic_api_car_license_plate_key UNIQUE (license_plate);


--
-- Name: traffic_api_car traffic_api_car_pkey; Type: CONSTRAINT; Schema: public; Owner: admin1
--

ALTER TABLE ONLY public.traffic_api_car
    ADD CONSTRAINT traffic_api_car_pkey PRIMARY KEY (id);


--
-- Name: traffic_api_passage traffic_api_passage_pkey; Type: CONSTRAINT; Schema: public; Owner: admin1
--

ALTER TABLE ONLY public.traffic_api_passage
    ADD CONSTRAINT traffic_api_passage_pkey PRIMARY KEY (id);


--
-- Name: traffic_api_roadsegment traffic_api_roadsegment_pkey; Type: CONSTRAINT; Schema: public; Owner: admin1
--

ALTER TABLE ONLY public.traffic_api_roadsegment
    ADD CONSTRAINT traffic_api_roadsegment_pkey PRIMARY KEY (id);


--
-- Name: traffic_api_sensor traffic_api_sensor_pkey; Type: CONSTRAINT; Schema: public; Owner: admin1
--

ALTER TABLE ONLY public.traffic_api_sensor
    ADD CONSTRAINT traffic_api_sensor_pkey PRIMARY KEY (id);


--
-- Name: traffic_api_sensor traffic_api_sensor_uuid_key; Type: CONSTRAINT; Schema: public; Owner: admin1
--

ALTER TABLE ONLY public.traffic_api_sensor
    ADD CONSTRAINT traffic_api_sensor_uuid_key UNIQUE (uuid);


--
-- Name: traffic_api_trafficreading traffic_api_trafficreading_pkey; Type: CONSTRAINT; Schema: public; Owner: admin1
--

ALTER TABLE ONLY public.traffic_api_trafficreading
    ADD CONSTRAINT traffic_api_trafficreading_pkey PRIMARY KEY (id);


--
-- Name: traffic_speed traffic_speed_pkey; Type: CONSTRAINT; Schema: public; Owner: admin1
--

ALTER TABLE ONLY public.traffic_speed
    ADD CONSTRAINT traffic_speed_pkey PRIMARY KEY (id);


--
-- Name: auth_group_name_a6ea08ec_like; Type: INDEX; Schema: public; Owner: admin1
--

CREATE INDEX auth_group_name_a6ea08ec_like ON public.auth_group USING btree (name varchar_pattern_ops);


--
-- Name: auth_group_permissions_group_id_b120cbf9; Type: INDEX; Schema: public; Owner: admin1
--

CREATE INDEX auth_group_permissions_group_id_b120cbf9 ON public.auth_group_permissions USING btree (group_id);


--
-- Name: auth_group_permissions_permission_id_84c5c92e; Type: INDEX; Schema: public; Owner: admin1
--

CREATE INDEX auth_group_permissions_permission_id_84c5c92e ON public.auth_group_permissions USING btree (permission_id);


--
-- Name: auth_permission_content_type_id_2f476e4b; Type: INDEX; Schema: public; Owner: admin1
--

CREATE INDEX auth_permission_content_type_id_2f476e4b ON public.auth_permission USING btree (content_type_id);


--
-- Name: auth_user_groups_group_id_97559544; Type: INDEX; Schema: public; Owner: admin1
--

CREATE INDEX auth_user_groups_group_id_97559544 ON public.auth_user_groups USING btree (group_id);


--
-- Name: auth_user_groups_user_id_6a12ed8b; Type: INDEX; Schema: public; Owner: admin1
--

CREATE INDEX auth_user_groups_user_id_6a12ed8b ON public.auth_user_groups USING btree (user_id);


--
-- Name: auth_user_user_permissions_permission_id_1fbb5f2c; Type: INDEX; Schema: public; Owner: admin1
--

CREATE INDEX auth_user_user_permissions_permission_id_1fbb5f2c ON public.auth_user_user_permissions USING btree (permission_id);


--
-- Name: auth_user_user_permissions_user_id_a95ead1b; Type: INDEX; Schema: public; Owner: admin1
--

CREATE INDEX auth_user_user_permissions_user_id_a95ead1b ON public.auth_user_user_permissions USING btree (user_id);


--
-- Name: auth_user_username_6821ab7c_like; Type: INDEX; Schema: public; Owner: admin1
--

CREATE INDEX auth_user_username_6821ab7c_like ON public.auth_user USING btree (username varchar_pattern_ops);


--
-- Name: django_admin_log_content_type_id_c4bce8eb; Type: INDEX; Schema: public; Owner: admin1
--

CREATE INDEX django_admin_log_content_type_id_c4bce8eb ON public.django_admin_log USING btree (content_type_id);


--
-- Name: django_admin_log_user_id_c564eba6; Type: INDEX; Schema: public; Owner: admin1
--

CREATE INDEX django_admin_log_user_id_c564eba6 ON public.django_admin_log USING btree (user_id);


--
-- Name: django_session_expire_date_a5c62663; Type: INDEX; Schema: public; Owner: admin1
--

CREATE INDEX django_session_expire_date_a5c62663 ON public.django_session USING btree (expire_date);


--
-- Name: django_session_session_key_c0390e0f_like; Type: INDEX; Schema: public; Owner: admin1
--

CREATE INDEX django_session_session_key_c0390e0f_like ON public.django_session USING btree (session_key varchar_pattern_ops);


--
-- Name: traffic_api_sensor_location_gist; Type: INDEX; Schema: public; Owner: admin1
--

CREATE INDEX traffic_api_sensor_location_gist ON public.traffic_api_sensor USING gist (location);


--
-- Name: traffic_api_trafficreading_road_segment_id_72e42453; Type: INDEX; Schema: public; Owner: admin1
--

CREATE INDEX traffic_api_trafficreading_road_segment_id_72e42453 ON public.traffic_api_trafficreading USING btree (road_segment_id);


--
-- Name: auth_group_permissions auth_group_permissio_permission_id_84c5c92e_fk_auth_perm; Type: FK CONSTRAINT; Schema: public; Owner: admin1
--

ALTER TABLE ONLY public.auth_group_permissions
    ADD CONSTRAINT auth_group_permissio_permission_id_84c5c92e_fk_auth_perm FOREIGN KEY (permission_id) REFERENCES public.auth_permission(id) DEFERRABLE INITIALLY DEFERRED;


--
-- Name: auth_group_permissions auth_group_permissions_group_id_b120cbf9_fk_auth_group_id; Type: FK CONSTRAINT; Schema: public; Owner: admin1
--

ALTER TABLE ONLY public.auth_group_permissions
    ADD CONSTRAINT auth_group_permissions_group_id_b120cbf9_fk_auth_group_id FOREIGN KEY (group_id) REFERENCES public.auth_group(id) DEFERRABLE INITIALLY DEFERRED;


--
-- Name: auth_permission auth_permission_content_type_id_2f476e4b_fk_django_co; Type: FK CONSTRAINT; Schema: public; Owner: admin1
--

ALTER TABLE ONLY public.auth_permission
    ADD CONSTRAINT auth_permission_content_type_id_2f476e4b_fk_django_co FOREIGN KEY (content_type_id) REFERENCES public.django_content_type(id) DEFERRABLE INITIALLY DEFERRED;


--
-- Name: auth_user_groups auth_user_groups_group_id_97559544_fk_auth_group_id; Type: FK CONSTRAINT; Schema: public; Owner: admin1
--

ALTER TABLE ONLY public.auth_user_groups
    ADD CONSTRAINT auth_user_groups_group_id_97559544_fk_auth_group_id FOREIGN KEY (group_id) REFERENCES public.auth_group(id) DEFERRABLE INITIALLY DEFERRED;


--
-- Name: auth_user_groups auth_user_groups_user_id_6a12ed8b_fk_auth_user_id; Type: FK CONSTRAINT; Schema: public; Owner: admin1
--

ALTER TABLE ONLY public.auth_user_groups
    ADD CONSTRAINT auth_user_groups_user_id_6a12ed8b_fk_auth_user_id FOREIGN KEY (user_id) REFERENCES public.auth_user(id) DEFERRABLE INITIALLY DEFERRED;


--
-- Name: auth_user_user_permissions auth_user_user_permi_permission_id_1fbb5f2c_fk_auth_perm; Type: FK CONSTRAINT; Schema: public; Owner: admin1
--

ALTER TABLE ONLY public.auth_user_user_permissions
    ADD CONSTRAINT auth_user_user_permi_permission_id_1fbb5f2c_fk_auth_perm FOREIGN KEY (permission_id) REFERENCES public.auth_permission(id) DEFERRABLE INITIALLY DEFERRED;


--
-- Name: auth_user_user_permissions auth_user_user_permissions_user_id_a95ead1b_fk_auth_user_id; Type: FK CONSTRAINT; Schema: public; Owner: admin1
--

ALTER TABLE ONLY public.auth_user_user_permissions
    ADD CONSTRAINT auth_user_user_permissions_user_id_a95ead1b_fk_auth_user_id FOREIGN KEY (user_id) REFERENCES public.auth_user(id) DEFERRABLE INITIALLY DEFERRED;


--
-- Name: django_admin_log django_admin_log_content_type_id_c4bce8eb_fk_django_co; Type: FK CONSTRAINT; Schema: public; Owner: admin1
--

ALTER TABLE ONLY public.django_admin_log
    ADD CONSTRAINT django_admin_log_content_type_id_c4bce8eb_fk_django_co FOREIGN KEY (content_type_id) REFERENCES public.django_content_type(id) DEFERRABLE INITIALLY DEFERRED;


--
-- Name: django_admin_log django_admin_log_user_id_c564eba6_fk_auth_user_id; Type: FK CONSTRAINT; Schema: public; Owner: admin1
--

ALTER TABLE ONLY public.django_admin_log
    ADD CONSTRAINT django_admin_log_user_id_c564eba6_fk_auth_user_id FOREIGN KEY (user_id) REFERENCES public.auth_user(id) DEFERRABLE INITIALLY DEFERRED;


--
-- Name: traffic_api_passage fk_car; Type: FK CONSTRAINT; Schema: public; Owner: admin1
--

ALTER TABLE ONLY public.traffic_api_passage
    ADD CONSTRAINT fk_car FOREIGN KEY (car_id) REFERENCES public.traffic_api_car(id);


--
-- Name: traffic_api_passage fk_road_segment; Type: FK CONSTRAINT; Schema: public; Owner: admin1
--

ALTER TABLE ONLY public.traffic_api_passage
    ADD CONSTRAINT fk_road_segment FOREIGN KEY (road_segment_id) REFERENCES public.traffic_api_roadsegment(id);


--
-- Name: traffic_api_passage fk_sensor; Type: FK CONSTRAINT; Schema: public; Owner: admin1
--

ALTER TABLE ONLY public.traffic_api_passage
    ADD CONSTRAINT fk_sensor FOREIGN KEY (sensor_id) REFERENCES public.traffic_api_sensor(id);


--
-- PostgreSQL database dump complete
--

